{
  "configuration": {
    "mode": "analyze_tlb",
    "cpu_name": "Apple M5",
    "performance_cores": 0,
    "efficiency_cores": 0,
    "page_size_bytes": 16384,
    "l1_cache_size_bytes": 131072,
    "latency_stride_bytes": 64,
    "latency_chain_mode": "random-box",
    "latency_sample_count": 30,
    "accesses_per_loop": 25000000,
    "tlb_guard_bytes": 1048576,
    "buffer_size_mb": 1024,
    "buffer_locked": true
  },
  "execution_time_sec": 542.906855333,
  "tlb_analysis": {
    "sweep": [
      {
        "locality_bytes": 16384,
        "locality_kb": 16,
        "loop_latencies_ns": [
          9.714425,
          9.779443333333333,
          9.931775,
          9.938725,
          9.942756666666666,
          9.673836666666666,
          9.646976666666665,
          9.67142,
          9.927516666666666,
          9.676441666666665,
          9.893465,
          9.677246666666667,
          9.861825,
          9.749585,
          9.685675,
          9.640331666666667,
          9.724013333333334,
          9.82005,
          9.958021666666665,
          9.68155,
          9.957831666666666,
          9.874383333333334,
          9.864116666666666,
          9.593733333333335,
          9.855118333333333,
          9.694995,
          9.564283333333334,
          9.662398333333334,
          9.662496666666666,
          9.587646666666666
        ],
        "p50_latency_ns": 9.719219166666667
      },
      {
        "locality_bytes": 65536,
        "locality_kb": 64,
        "loop_latencies_ns": [
          10.370373333333333,
          9.827126666666667,
          10.406131666666667,
          9.755586666666666,
          9.869595,
          9.874803333333334,
          10.615103333333334,
          10.205173333333335,
          9.993035,
          10.255311666666666,
          10.44599,
          10.226983333333333,
          10.00981,
          9.902886666666666,
          10.25137,
          9.835343333333334,
          10.046303333333334,
          9.984413333333334,
          9.979825,
          10.198138333333334,
          10.133305,
          10.029961666666667,
          10.358095,
          10.134563333333334,
          10.587828333333334,
          10.364341666666666,
          10.041853333333334,
          10.024386666666667,
          9.935191666666666,
          10.263193333333334
        ],
        "p50_latency_ns": 10.089804166666667
      },
      {
        "locality_bytes": 131072,
        "locality_kb": 128,
        "loop_latencies_ns": [
          10.432141666666666,
          10.913925,
          10.609733333333335,
          10.987171666666667,
          10.428113333333334,
          10.551021666666665,
          10.87524,
          10.782421666666668,
          10.433436666666667,
          10.513656666666666,
          11.012013333333332,
          10.71782,
          10.418846666666667,
          11.071751666666668,
          10.882306666666668,
          10.609681666666667,
          10.699471666666666,
          10.989828333333332,
          10.500806666666666,
          10.853975,
          10.438803333333334,
          10.392433333333333,
          10.930766666666667,
          10.60343,
          10.364123333333334,
          10.368086666666667,
          11.050068333333332,
          11.089411666666667,
          11.05532,
          10.538091666666666
        ],
        "p50_latency_ns": 10.6546025
      },
      {
        "locality_bytes": 262144,
        "locality_kb": 256,
        "loop_latencies_ns": [
          13.512653333333333,
          13.460063333333332,
          13.731548333333333,
          13.172488333333332,
          13.965018333333333,
          13.235871666666668,
          12.850646666666668,
          12.779745,
          12.89252,
          12.144548333333333,
          12.510033333333332,
          14.111035,
          13.601001666666667,
          12.230425,
          14.238951666666667,
          12.47714,
          12.437535,
          13.99705,
          13.407043333333332,
          12.171303333333332,
          13.82462,
          13.123456666666668,
          12.354843333333333,
          12.87516,
          14.184956666666668,
          12.20023,
          12.45445,
          12.876296666666667,
          12.748041666666667,
          12.069113333333332
        ],
        "p50_latency_ns": 12.884408333333333
      },
      {
        "locality_bytes": 524288,
        "locality_kb": 512,
        "loop_latencies_ns": [
          17.253161666666667,
          17.72651666666667,
          17.181075,
          17.99054,
          17.252246666666668,
          18.147846666666666,
          18.23374833333333,
          18.19555833333333,
          17.20582,
          17.065085,
          18.044021666666666,
          17.232323333333333,
          17.017285,
          18.093143333333334,
          17.214405,
          17.110825,
          17.005513333333333,
          18.168858333333333,
          17.150618333333334,
          18.215698333333332,
          17.04979,
          17.11272166666667,
          17.21942,
          18.227126666666667,
          18.198125,
          16.99255,
          18.120358333333332,
          17.17318,
          18.106265,
          17.153161666666666
        ],
        "p50_latency_ns": 17.242285000000003
      },
      {
        "locality_bytes": 1048576,
        "locality_kb": 1024,
        "loop_latencies_ns": [
          17.723446666666668,
          16.64486666666667,
          16.72116666666667,
          16.660675,
          17.745486666666668,
          16.806851666666667,
          17.630288333333333,
          16.701723333333334,
          17.767195,
          17.773645,
          16.792781666666666,
          17.845153333333332,
          16.8077,
          17.548328333333334,
          16.714925,
          17.753981666666668,
          17.359283333333334,
          16.828251666666667,
          16.70576666666667,
          17.68274333333333,
          17.638401666666667,
          16.679031666666667,
          16.727993333333334,
          17.70098,
          17.50428,
          17.73378,
          17.68453333333333,
          16.76948833333333,
          17.651196666666667,
          17.738523333333333
        ],
        "p50_latency_ns": 17.52630416666667
      },
      {
        "locality_bytes": 2097152,
        "locality_kb": 2048,
        "loop_latencies_ns": [
          17.004833333333334,
          17.116613333333333,
          18.030436666666667,
          16.97028166666667,
          18.10524,
          16.89138,
          18.02405,
          16.8794,
          18.027001666666667,
          17.931428333333333,
          16.906455,
          17.714253333333332,
          17.974811666666668,
          17.980976666666667,
          18.050013333333332,
          16.730986666666666,
          17.912488333333332,
          18.142263333333332,
          16.80140833333333,
          16.960965,
          17.914403333333333,
          17.93826166666667,
          17.61447,
          16.861861666666666,
          17.850368333333332,
          16.89499,
          17.933036666666666,
          16.93166,
          16.8363,
          16.82993666666667
        ],
        "p50_latency_ns": 17.664361666666665
      },
      {
        "locality_bytes": 4194304,
        "locality_kb": 4096,