{
  "configuration": {
    "mode": "analyze_tlb",
    "cpu_name": "Apple M4",
    "performance_cores": 0,
    "efficiency_cores": 0,
    "page_size_bytes": 16384,
    "l1_cache_size_bytes": 131072,
    "latency_stride_bytes": 64,
    "latency_chain_mode": "diff-random-in-box",
    "latency_sample_count": 30,
    "accesses_per_loop": 25000000,
    "tlb_guard_bytes": 1048576,
    "buffer_size_mb": 1024,
    "buffer_locked": true
  },
  "execution_time_sec": 597.09238325,
  "tlb_analysis": {
    "sweep": [
      {
        "locality_bytes": 16384,
        "locality_kb": 16,
        "loop_latencies_ns": [
          4.0361883333333335,
          4.533311666666667,
          4.072971666666667,
          4.718358333333333,
          4.675048333333333,
          4.372223333333333,
          4.127836666666667,
          4.155203333333333,
          4.275158333333333,
          4.273125,
          4.360415,
          4.598545,
          4.148571666666667,
          3.9898,
          4.678908333333333,
          4.761981666666667,
          4.584296666666667,
          4.083361666666667,
          4.099636666666667,
          4.240411666666667,
          4.660685,
          4.06239,
          4.724333333333333,
          4.586328333333333,
          4.517721666666667,
          4.082175,
          3.979836666666667,
          4.135161666666667,
          4.550791666666667,
          4.566716666666667
        ],
        "p50_latency_ns": 4.317786666666667
      },
      {
        "locality_bytes": 65536,
        "locality_kb": 64,
        "loop_latencies_ns": [
          16.051256666666667,
          16.07427,
          16.130906666666668,
          16.116445,
          16.05214,
          16.21049,
          16.010231666666666,
          16.058775,
          16.045371666666668,
          15.998625,
          15.989953333333332,
          16.112098333333332,
          16.10564833333333,
          15.944763333333333,
          16.095811666666666,
          16.132953333333333,
          16.040151666666667,
          16.119025,
          16.11669,
          15.97693,
          15.927703333333332,
          16.201613333333334,
          16.08496333333333,
          16.114438333333332,
          16.083115,
          16.208738333333333,
          15.983768333333332,
          16.18727666666667,
          15.913755,
          16.034766666666666
        ],
        "p50_latency_ns": 16.0786925
      },
      {
        "locality_bytes": 131072,
        "locality_kb": 128,
        "loop_latencies_ns": [
          17.56466,
          17.59939333333333,
          17.474821666666667,
          17.63592166666667,
          17.75983666666667,
          17.63736666666667,
          17.508756666666667,
          17.640725,
          17.431688333333334,
          17.505725,
          17.490505,
          17.611946666666668,
          17.65555666666667,
          17.637125,
          17.52442,
          17.502613333333333,
          17.57846,
          17.62137,
          17.57368166666667,
          17.61165666666667,
          17.54997,
          17.639946666666667,
          17.711528333333334,
          17.519713333333332,
          17.732321666666667,
          17.515678333333334,
          17.58256833333333,
          17.49635333333333,
          17.484981666666666,
          17.34170333333333
        ],
        "p50_latency_ns": 17.576070833333333
      },
      {
        "locality_bytes": 262144,
        "locality_kb": 256,
        "loop_latencies_ns": [
          19.160081666666667,
          19.006788333333333,
          19.053575,
          19.329508333333333,
          19.267638333333334,
          18.82497,
          19.25016833333333,
          19.11437833333333,
          19.031851666666668,
          19.350318333333334,
          19.185755,
          18.853726666666667,
          19.177778333333332,
          19.157101666666666,
          19.354331666666667,
          18.842205,
          19.337518333333332,
          18.811843333333332,
          19.304196666666666,
          19.189803333333334,
          18.965025,
          19.314651666666666,
          18.805685,
          19.137635,
          19.261028333333332,
          19.117348333333332,
          19.338316666666667,
          19.240798333333334,
          18.861246666666666,
          18.933451666666667
        ],
        "p50_latency_ns": 19.158591666666666
      },
      {
        "locality_bytes": 524288,
        "locality_kb": 512,
        "loop_latencies_ns": [
          17.564445,
          17.66382666666667,
          17.632838333333332,
          17.58233166666667,
          17.464806666666668,
          17.61152166666667,
          17.629733333333334,
          17.60685,
          17.61775833333333,
          17.663478333333334,
          17.62644,
          17.606705,
          17.615898333333334,
          18.737015,
          18.75071666666667,
          18.717815,
          18.665893333333333,
          18.708758333333332,
          18.50208333333333,
          18.474901666666668,
          18.741461666666666,
          18.500093333333332,
          18.63555,
          18.63524166666667,
          18.699936666666666,
          18.78412,
          18.55062,
          18.796686666666666,
          18.447673333333334,
          18.70968333333333
        ],
        "p50_latency_ns": 18.4874975
      },
      {
        "locality_bytes": 1048576,
        "locality_kb": 1024,
        "loop_latencies_ns": [
          18.046361666666666,
          18.160998333333332,
          18.13928333333333,
          18.12612,
          18.125648333333334,
          18.198038333333333,
          17.969833333333334,
          18.016188333333332,
          18.16585,
          18.220856666666666,
          18.060795,
          18.20708833333333,
          18.176395,
          18.198863333333332,
          18.14365,
          18.28588,
          17.125098333333334,
          17.10535833333333,
          17.06807,
          16.899063333333334,
          16.98752,
          17.04003666666667,
          17.053001666666667,
          17.079288333333334,
          16.98992,
          16.9525,
          17.01752833333333,
          17.030865,
          17.00208,
          16.949873333333333
        ],
        "p50_latency_ns": 17.993010833333333
      },
      {
        "locality_bytes": 2097152,
        "locality_kb": 2048,
        "loop_latencies_ns": [
          17.34923,
          17.339455,
          17.397581666666667,
          17.403748333333333,
          17.344001666666667,
          17.396745,
          17.350003333333333,
          17.30112833333333,
          17.28166166666667,
          17.292745,
          17.387465,
          17.355831666666667,
          17.415346666666668,
          17.311518333333332,
          17.337461666666666,
          17.33341,
          17.507641666666668,
          17.420003333333334,
          17.34353833333333,
          17.492825,
          17.30838333333333,
          17.46506666666667,
          17.25020333333333,
          17.417808333333333,
          17.24022666666667,
          17.351746666666667,
          17.380156666666668,
          17.340926666666668,
          17.359493333333333,
          17.43814
        ],
        "p50_latency_ns": 17.350875000000002
      },
      {
        "locality_bytes": 4194304,
        "locality_kb": 4096,