{
  "configuration": {
    "mode": "analyze_tlb",
    "cpu_name": "Apple M4",
    "performance_cores": 0,
    "efficiency_cores": 0,
    "page_size_bytes": 16384,
    "l1_cache_size_bytes": 131072,
    "latency_stride_bytes": 64,
    "latency_chain_mode": "same-random-in-box",
    "latency_sample_count": 30,
    "accesses_per_loop": 25000000,
    "tlb_guard_bytes": 1048576,
    "buffer_size_mb": 1024,
    "buffer_locked": true
  },
  "execution_time_sec": 558.462405208,
  "tlb_analysis": {
    "sweep": [
      {
        "locality_bytes": 16384,
        "locality_kb": 16,
        "loop_latencies_ns": [
          14.610733333333332,
          13.622821666666667,
          16.537533333333332,
          13.335763333333333,
          20.284051666666667,
          12.024786666666667,
          12.813355,
          13.951151666666668,
          15.537025,
          11.303033333333332,
          15.47676,
          15.50552,
          12.608425,
          16.00212833333333,
          14.15024,
          13.706196666666667,
          14.017976666666668,
          11.997493333333333,
          13.422053333333333,
          12.353563333333332,
          11.533488333333333,
          2.821063333333333,
          14.052786666666668,
          11.426428333333332,
          14.075676666666668,
          13.691545,
          5.955425,
          12.573476666666668,
          11.675608333333333,
          17.64778833333333
        ],
        "p50_latency_ns": 13.657183333333332
      },
      {
        "locality_bytes": 65536,
        "locality_kb": 64,
        "loop_latencies_ns": [
          15.569045,
          20.386131666666667,
          18.899958333333334,
          15.831013333333333,
          18.277771666666666,
          18.581636666666668,
          20.040738333333334,
          16.677515,
          20.237895,
          17.353735,
          19.129285,
          18.33588,
          17.159801666666667,
          19.748696666666667,
          16.68603166666667,
          17.31307333333333,
          17.65142833333333,
          18.46877333333333,
          18.699255,
          18.368015,
          18.455236666666668,
          15.749055,
          17.35615166666667,
          18.330458333333333,
          22.202621666666666,
          18.15911,
          16.97327166666667,
          14.580488333333333,
          8.795583333333333,
          17.762011666666666
        ],
        "p50_latency_ns": 18.218440833333332
      },
      {
        "locality_bytes": 131072,
        "locality_kb": 128,
        "loop_latencies_ns": [
          20.394998333333334,
          19.013168333333333,
          17.76588333333333,
          19.377656666666667,
          19.10151,
          15.67244,
          19.513005,
          17.648723333333333,
          18.227751666666666,
          17.707823333333334,
          21.272713333333332,
          20.324173333333334,
          17.311565,
          17.122406666666667,
          19.074871666666667,
          20.84733333333333,
          18.342891666666667,
          18.92781666666667,
          20.030448333333332,
          16.913248333333332,
          19.066243333333333,
          17.45718833333333,
          17.737145,
          19.425845,
          18.774665,
          20.881753333333332,
          19.047081666666667,
          18.40267,
          18.30882666666667,
          17.25495666666667
        ],
        "p50_latency_ns": 18.851240833333335
      },
      {
        "locality_bytes": 262144,
        "locality_kb": 256,
        "loop_latencies_ns": [
          18.87872666666667,
          18.40665166666667,
          18.16171,
          17.69994,
          21.824886666666664,
          20.178923333333334,
          18.543376666666667,
          18.391758333333332,
          21.428898333333333,
          20.239813333333334,
          19.642813333333333,
          19.418553333333332,
          18.601066666666668,
          22.352831666666663,
          19.596041666666668,
          19.10601833333333,
          21.341481666666667,
          21.148981666666668,
          18.608626666666666,
          20.197871666666668,
          17.695215,
          18.537425,
          19.624483333333334,
          18.74561166666667,
          21.821075,
          17.83811,
          18.382236666666667,
          16.800713333333334,
          19.109423333333332,
          19.920783333333333
        ],
        "p50_latency_ns": 19.10772083333333
      },
      {
        "locality_bytes": 524288,
        "locality_kb": 512,
        "loop_latencies_ns": [
          18.23107,
          17.349228333333333,
          18.09401833333333,
          16.418595,
          17.294385,
          20.970861666666668,
          17.411831666666668,
          16.775573333333334,
          16.66034833333333,
          17.271175,
          18.80140666666667,
          16.804106666666666,
          17.34565166666667,
          17.85371,
          17.089626666666668,
          17.24685,
          17.66621333333333,
          17.160696666666666,
          18.35515,
          19.486531666666668,
          16.441801666666667,
          17.500785,
          16.385648333333332,
          17.45239833333333,
          18.07527333333333,
          17.537413333333333,
          17.003716666666666,
          17.711756666666666,
          18.35302833333333,
          16.58184333333333
        ],
        "p50_latency_ns": 17.38053
      },
      {
        "locality_bytes": 1048576,
        "locality_kb": 1024,
        "loop_latencies_ns": [
          18.41676,
          18.41519,
          18.129746666666666,
          17.305925,
          15.88512,
          16.993628333333334,
          17.07149666666667,
          15.984328333333332,
          18.89669333333333,
          16.336806666666668,
          16.15922,
          16.111875,
          15.975418333333332,
          17.218986666666666,
          16.8329,
          15.765796666666667,
          15.856966666666667,
          16.90633,
          16.17892,
          16.423503333333333,
          15.831598333333332,
          15.960776666666668,
          16.63157,
          18.12287166666667,
          19.12084,
          19.96159666666667,
          17.12976833333333,
          17.266698333333334,
          16.68626833333333,
          16.25103
        ],
        "p50_latency_ns": 16.759584166666663
      },
      {
        "locality_bytes": 2097152,
        "locality_kb": 2048,
        "loop_latencies_ns": [
          17.225573333333333,
          18.902021666666666,
          17.045838333333332,
          18.50078166666667,
          17.684986666666667,
          17.287155,
          18.235125,
          19.634991666666668,
          17.367475,
          18.41484,
          17.540538333333334,
          19.340691666666668,
          19.205998333333334,
          18.79523,
          17.30187,
          18.54301333333333,
          17.410858333333334,
          17.81008,
          18.502808333333334,
          19.212298333333333,
          18.997846666666668,
          19.949403333333333,
          18.005958333333332,
          17.919976666666667,
          17.510883333333332,
          18.050811666666668,
          18.63881,
          17.826381666666666,
          18.525953333333334,
          18.143441666666668
        ],
        "p50_latency_ns": 18.189283333333336
      },
      {
        "locality_bytes": 4194304,
        "locality_kb": 4096,