{
  "configuration": {
    "mode": "analyze_tlb",
    "cpu_name": "Apple M4",
    "performance_cores": 0,
    "efficiency_cores": 0,
    "page_size_bytes": 16384,
    "l1_cache_size_bytes": 131072,
    "latency_stride_bytes": 64,
    "latency_chain_mode": "random-box",
    "latency_sample_count": 30,
    "accesses_per_loop": 25000000,
    "tlb_guard_bytes": 1048576,
    "buffer_size_mb": 1024,
    "buffer_locked": true
  },
  "execution_time_sec": 608.071844917,
  "tlb_analysis": {
    "sweep": [
      {
        "locality_bytes": 16384,
        "locality_kb": 16,
        "loop_latencies_ns": [
          15.176236666666668,
          15.107078333333332,
          15.091453333333332,
          15.092543333333333,
          15.128718333333332,
          15.043118333333332,
          15.037876666666667,
          15.070006666666668,
          15.056555,
          15.068298333333333,
          15.075653333333333,
          15.07699,
          15.094225,
          15.080246666666667,
          15.057311666666667,
          15.034401666666668,
          15.03923,
          15.073715,
          15.046511666666667,
          15.10021,
          15.047433333333332,
          15.086008333333332,
          15.071285,
          15.041755,
          15.04008,
          15.020353333333333,
          15.072303333333332,
          15.066831666666667,
          15.091268333333332,
          15.052793333333332
        ],
        "p50_latency_ns": 15.070645833333334
      },
      {
        "locality_bytes": 65536,
        "locality_kb": 64,
        "loop_latencies_ns": [
          17.435266666666667,
          17.403253333333332,
          17.488325,
          17.427805,
          17.47711333333333,
          18.437285,
          18.42996,
          18.454298333333334,
          18.442746666666668,
          18.472496666666668,
          18.485795,
          18.435441666666666,
          18.458495,
          18.449081666666668,
          18.46308666666667,
          18.425081666666667,
          18.425575,
          18.432293333333334,
          18.43902333333333,
          18.49571,
          18.451685,
          18.46055833333333,
          18.45498,
          18.42974166666667,
          18.44545833333333,
          18.48792166666667,
          18.44790666666667,
          18.43953,
          18.42723666666667,
          18.445966666666667
        ],
        "p50_latency_ns": 18.441138333333335
      },
      {
        "locality_bytes": 131072,
        "locality_kb": 128,
        "loop_latencies_ns": [
          18.928156666666666,
          18.960185,
          18.68254333333333,
          17.895615,
          17.90875,
          17.93339333333333,
          18.126541666666668,
          18.907125,
          18.886645,
          18.884703333333334,
          18.933153333333333,
          18.95277666666667,
          18.93572,
          18.96332333333333,
          18.956731666666666,
          18.952328333333334,
          18.948515,
          18.96411666666667,
          18.970898333333334,
          18.943618333333333,
          18.966438333333333,
          18.93981833333333,
          18.944866666666666,
          18.931871666666666,
          17.95886666666667,
          17.945308333333333,
          17.95082,
          17.95334,
          17.93952833333333,
          17.929326666666668
        ],
        "p50_latency_ns": 18.930014166666666
      },
      {
        "locality_bytes": 262144,
        "locality_kb": 256,
        "loop_latencies_ns": [
          19.157891666666668,
          19.195848333333334,
          19.18530833333333,
          19.47647,
          20.31834333333333,
          20.308088333333334,
          20.36368166666667,
          20.244976666666666,
          20.361113333333332,
          20.302116666666667,
          20.30812333333333,
          20.244988333333332,
          20.320805,
          20.34497,
          20.315495,
          20.27021166666667,
          20.31838666666667,
          20.333146666666668,
          20.301068333333333,
          20.29215333333333,
          19.889556666666667,
          19.213065,
          19.21553666666667,
          19.21295,
          19.176403333333333,
          19.23703,
          19.214386666666666,
          19.18292,
          19.68541833333333,
          19.21531
        ],
        "p50_latency_ns": 20.2449825
      },
      {
        "locality_bytes": 524288,
        "locality_kb": 512,
        "loop_latencies_ns": [
          17.62956,
          17.38585833333333,
          17.550651666666667,
          18.430858333333333,
          18.794075,
          18.550551666666667,
          18.73567166666667,
          18.69958833333333,
          18.71910833333333,
          18.73924166666667,
          18.660355,
          18.681826666666666,
          18.776316666666666,
          18.747333333333334,
          18.75428,
          18.61152166666667,
          17.683613333333334,
          17.64051166666667,
          17.59596666666667,
          17.608206666666668,
          17.67996833333333,
          17.400666666666666,
          17.526735,
          17.617788333333333,
          17.612636666666667,
          17.655035,
          17.649851666666667,
          17.683776666666667,
          17.597635,
          18.427985
        ],
        "p50_latency_ns": 17.683695
      },
      {
        "locality_bytes": 1048576,
        "locality_kb": 1024,
        "loop_latencies_ns": [
          17.90516,
          17.96956,
          18.038945,
          18.11616666666667,
          18.108291666666666,
          18.014223333333334,
          18.13318166666667,
          18.09844,
          18.045653333333334,
          18.063185,
          18.0799,
          18.06539,
          18.16376,
          18.095838333333333,
          17.001653333333334,
          16.998541666666668,
          16.87005,
          17.009143333333334,
          16.86760333333333,
          17.042851666666667,
          17.122775,
          16.98743,
          17.071181666666668,
          17.073563333333333,
          17.052605,
          17.1176,
          17.013436666666667,
          16.995438333333333,
          16.947465,
          17.08496
        ],
        "p50_latency_ns": 17.1201875
      },
      {
        "locality_bytes": 2097152,
        "locality_kb": 2048,
        "loop_latencies_ns": [
          17.360213333333334,
          17.321886666666668,
          17.366905,
          17.383335,
          17.430285,
          17.387678333333334,
          17.31486,
          17.404905,
          17.29994,
          17.448588333333333,
          17.43541666666667,
          17.333456666666667,
          17.379628333333333,
          17.450133333333333,
          17.294588333333333,
          17.350381666666667,
          17.33964166666667,
          17.38343,
          17.303636666666666,
          17.38595,
          17.356276666666666,
          17.367205,
          17.37091,
          17.375725,
          17.298611666666666,
          17.382998333333333,
          17.436611666666668,
          17.318085,
          17.410201666666666,
          17.3861
        ],
        "p50_latency_ns": 17.3733175
      },
      {
        "locality_bytes": 4194304,
        "locality_kb": 4096,