{
  "configuration": {
    "buffer_size_bytes": 536870912,
    "buffer_size_mb": 512,
    "cpu_name": "Apple M4",
    "efficiency_cores": 6,
    "iterations": 1000,
    "l1_buffer_size_bytes": 98304,
    "l1_cache_size_bytes": 131072,
    "l2_buffer_size_bytes": 1677696,
    "l2_cache_size_bytes": 16777216,
    "latency_sample_count": 1000,
    "loop_count": 5,
    "performance_cores": 4,
    "total_threads": 10,
    "use_custom_cache_size": false,
    "use_non_cacheable": true
  },
  "execution_time_sec": 118.061734125,
  "main_memory": {
    "bandwidth": {
      "copy_gb_s": {
        "statistics": {
          "average": 106.56990588517132,
          "max": 106.59890014744185,
          "median": 106.56979932720901,
          "min": 106.53239933513852,
          "p90": 106.59253405965875,
          "p95": 106.59571710355031,
          "p99": 106.59826353866355,
          "stddev": 0.024689950453262038
        },
        "values": [
          106.53239933513852,
          106.56979932720901,
          106.5829849279841,
          106.59890014744185,
          106.56544568808319
        ]
      },
      "read_gb_s": {
        "statistics": {
          "average": 116.44359075009663,
          "max": 116.7409446254479,
          "median": 116.59471496067091,
          "min": 115.87489818714164,
          "p90": 116.68817610008324,
          "p95": 116.71456036276557,
          "p99": 116.73566777291143,
          "stddev": 0.34061770840683
        },
        "values": [
          115.87489818714164,
          116.39837266518644,
          116.7409446254479,
          116.59471496067091,
          116.60902331203624
        ]
      },
      "write_gb_s": {
        "statistics": {
          "average": 66.28550151850625,
          "max": 66.31862951737597,
          "median": 66.2848818126928,
          "min": 66.2473734940086,
          "p90": 66.31336610959585,
          "p95": 66.31599781348591,
          "p99": 66.31810317659796,
          "stddev": 0.028090434189497564
        },
        "values": [
          66.30547099792568,
          66.31862951737597,
          66.2473734940086,
          66.27115177052818,
          66.2848818126928
        ]
      }
    }
  },
  "cache": {
    "l1": {
      "bandwidth": {
        "copy_gb_s": {
          "statistics": {
            "average": 160.87979880920102,
            "max": 175.435820407192,
            "median": 155.84329112419,
            "min": 152.39748856677778,
            "p90": 171.8081699113838,
            "p95": 173.6219951592879,
            "p99": 175.0730553576112,
            "stddev": 9.770665922628211
          },
          "values": [
            175.435820407192,
            152.39748856677778,
            154.35569978017378,
            155.84329112419,
            166.3666941676715
          ]
        },
        "read_gb_s": {
          "statistics": {
            "average": 128.7967228077499,
            "max": 131.64171609353815,
            "median": 128.19891976482606,
            "min": 127.72074944646849,
            "p90": 130.27713951051635,
            "p95": 130.95942780202725,
            "p99": 131.50525843523596,
            "stddev": 1.604344310938836
          },
          "values": [
            131.64171609353815,
            128.1919540979331,
            127.72074944646849,
            128.19891976482606,
            128.23027463598368
          ]
        },
        "write_gb_s": {
          "statistics": {
            "average": 74.7778154729875,
            "max": 79.67391487881561,
            "median": 73.78218379122168,
            "min": 73.10795317215863,
            "p90": 77.39161508208572,
            "p95": 78.53276498045066,
            "p99": 79.44568489914262,
            "stddev": 2.7579956160856995
          },
          "values": [
            79.67391487881561,
            73.78218379122168,
            73.10795317215863,
            73.96816538699089,
            73.3568601357507
          ]
        }
      }
    },
    "l2": {
      "bandwidth": {
        "copy_gb_s": {
          "statistics": {
            "average": 121.87314976632854,
            "max": 123.40546417606365,
            "median": 121.63515830207974,
            "min": 121.23951567069521,
            "p90": 122.71013231514833,
            "p95": 123.05779824560598,
            "p99": 123.33593098997211,
            "stddev": 0.8739693821618475
          },
          "values": [
            123.40546417606365,
            121.66713452377535,
            121.63515830207974,
            121.41847615902876,
            121.23951567069521
          ]
        },
        "read_gb_s": {
          "statistics": {
            "average": 116.9379251765678,
            "max": 118.4488020300447,
            "median": 116.5296961176066,
            "min": 116.08424898286789,
            "p90": 118.05384702767931,
            "p95": 118.25132452886201,
            "p99": 118.40930652980816,
            "stddev": 1.0060939181341286
          },
          "values": [
            118.4488020300447,
            116.08424898286789,
            116.5296961176066,
            116.16546422818854,
            117.46141452413121
          ]
        },
        "write_gb_s": {
          "statistics": {
            "average": 47.16627677320571,
            "max": 49.674977802468426,
            "median": 46.78891796941227,
            "min": 44.958215851937936,
            "p90": 49.57002520554977,
            "p95": 49.622501504009094,
            "p99": 49.66448254277656,
            "stddev": 2.294811148286747
          },
          "values": [
            44.958215851937936,
            46.78891796941227,
            44.996675932038144,
            49.674977802468426,
            49.41259631017177
          ]
        }
      }
    }
  },
  "timestamp": "2025-12-31T14:50:26Z",
  "version": "0.52.3"
}
