{
  "configuration": {
    "mode": "analyze_tlb",
    "cpu_name": "Apple M4",
    "page_size_bytes": 16384,
    "l1_cache_size_bytes": 131072,
    "latency_stride_bytes": 64,
    "latency_sample_count": 30,
    "accesses_per_loop": 25000000,
    "tlb_guard_bytes": 1048576,
    "buffer_size_mb": 1024,
    "buffer_locked": true
  },
  "execution_time_sec": 613.41809,
  "tlb_analysis": {
    "sweep": [
      {
        "locality_bytes": 16384,
        "locality_kb": 16,
        "loop_latencies_ns": [
          15.165648333333333,
          15.06399,
          15.063915,
          15.160743333333333,
          15.095275,
          15.111483333333332,
          15.07575,
          15.119678333333333,
          15.105301666666668,
          15.064938333333332,
          15.038001666666668,
          15.088041666666667,
          15.088736666666668,
          15.094376666666667,
          15.133141666666667,
          15.08522,
          15.085485,
          15.121608333333333,
          15.058328333333332,
          15.053026666666668,
          15.076471666666668,
          15.094895,
          15.107358333333332,
          15.097445,
          15.09505,
          15.11141,
          15.069578333333332,
          15.059631666666668,
          15.097646666666668,
          15.07199
        ],
        "p50_latency_ns": 15.091556666666667
      },
      {
        "locality_bytes": 65536,
        "locality_kb": 64,
        "loop_latencies_ns": [
          17.52143,
          17.481705,
          17.4906,
          17.496591666666667,
          17.50169,
          18.226198333333333,
          18.45746666666667,
          18.39726,
          18.413995,
          18.43012,
          18.42322,
          18.429168333333333,
          18.46178,
          18.41820166666667,
          18.41518,
          18.48001,
          18.41710666666667,
          18.413555,
          18.424266666666668,
          18.411525,
          18.434081666666668,
          18.445956666666667,
          18.41184666666667,
          18.418068333333334,
          18.480051666666668,
          18.42913,
          18.432268333333333,
          18.40854,
          18.41353833333333,
          18.424096666666667
        ],
        "p50_latency_ns": 18.417587500000003
      },
      {
        "locality_bytes": 131072,
        "locality_kb": 128,
        "loop_latencies_ns": [
          18.948275,
          18.921033333333334,
          18.911121666666666,
          18.95822666666667,
          18.932585,
          18.977953333333332,
          18.999118333333332,
          18.986888333333333,
          19.02665,
          18.96806833333333,
          18.986185,
          18.959083333333332,
          19.000631666666667,
          18.99988666666667,
          18.985876666666666,
          18.98748,
          18.974043333333334,
          19.11791,
          18.99141,
          18.96694,
          19.307793333333333,
          19.015498333333333,
          19.05294166666667,
          18.954345,
          18.95850666666667,
          18.989665,
          18.982918333333334,
          18.94075,
          19.00832,
          18.97205166666667
        ],
        "p50_latency_ns": 18.9843975
      },
      {
        "locality_bytes": 262144,
        "locality_kb": 256,
        "loop_latencies_ns": [
          20.3387,
          20.344543333333334,
          20.35297333333333,
          20.324613333333332,
          20.325705,
          20.24884666666667,
          20.361963333333332,
          20.34611166666667,
          20.34823833333333,
          20.327915,
          20.418321666666667,
          20.350706666666667,
          20.334151666666667,
          20.31492833333333,
          20.31828666666667,
          20.344631666666668,
          20.36616666666667,
          20.32669166666667,
          20.36002,
          20.316671666666668,
          20.3337,
          20.34935833333333,
          20.35017,
          20.342536666666668,
          20.28864666666667,
          20.322878333333332,
          20.340748333333334,
          20.297958333333334,
          20.294643333333333,
          20.323896666666666
        ],
        "p50_latency_ns": 20.336425833333333
      },
      {
        "locality_bytes": 524288,
        "locality_kb": 512,
        "loop_latencies_ns": [
          18.789083333333334,
          18.663395,
          18.70777,
          18.709328333333332,
          18.788766666666668,
          18.65987833333333,
          18.77425,
          18.77617,
          18.787313333333334,
          18.737091666666668,
          18.811706666666666,
          18.714265,
          18.96584,
          18.832166666666666,
          18.809835,
          18.86619333333333,
          18.851648333333333,
          18.576181666666667,
          18.89151,
          18.799245,
          18.861816666666666,
          18.807883333333333,
          18.784745,
          18.768371666666667,
          18.78142666666667,
          18.807383333333334,
          18.85664,
          18.76349,
          18.887756666666668,
          18.785326666666666
        ],
        "p50_latency_ns": 18.788040000000002
      },
      {
        "locality_bytes": 1048576,
        "locality_kb": 1024,
        "loop_latencies_ns": [
          18.191826666666667,
          18.125846666666668,
          18.251823333333334,
          18.21992,
          18.26297333333333,
          18.16334666666667,
          18.25152166666667,
          18.28290833333333,
          18.261955,
          18.213733333333334,
          18.000793333333334,
          18.22684333333333,
          18.089268333333333,
          18.167203333333333,
          18.280211666666666,
          18.183883333333334,
          18.045093333333334,
          18.162123333333334,
          18.24394,
          18.268786666666667,
          18.230661666666666,
          18.248216666666668,
          18.18709,
          18.237948333333332,
          18.167136666666668,
          18.22802666666667,
          18.232051666666667,
          18.250686666666667,
          18.209765,
          18.132105
        ],
        "p50_latency_ns": 18.223381666666665
      },
      {
        "locality_bytes": 2097152,
        "locality_kb": 2048,
        "loop_latencies_ns": [
          18.585146666666667,
          18.74348,
          18.657445,
          18.587026666666667,
          18.65791,
          18.68804833333333,
          18.618516666666668,
          18.67328,
          18.626261666666668,
          18.63707833333333,
          18.615101666666668,
          18.63181666666667,
          18.642978333333332,
          18.63412166666667,
          18.782425,
          18.64169,
          18.708555,
          18.67381333333333,
          18.589276666666667,
          18.582183333333333,
          18.61681666666667,
          18.686271666666666,
          18.7141,
          18.591415,
          18.65453,
          18.602305,
          18.582463333333333,
          18.630331666666667,
          18.567318333333333,
          18.696653333333334
        ],
        "p50_latency_ns": 18.6356
      },
      {
        "locality_bytes": 4194304,
        "locality_kb": 4096,