{
  "configuration": {
    "mode": "analyze_tlb",
    "cpu_name": "Apple M4",
    "page_size_bytes": 16384,
    "l1_cache_size_bytes": 131072,
    "latency_stride_bytes": 136,
    "latency_sample_count": 30,
    "accesses_per_loop": 25000000,
    "tlb_guard_bytes": 1048576,
    "buffer_size_mb": 1024,
    "buffer_locked": true
  },
  "execution_time_sec": 725.296645459,
  "tlb_analysis": {
    "sweep": [
      {
        "locality_bytes": 16384,
        "locality_kb": 16,
        "loop_latencies_ns": [
          25.957278333333335,
          25.96599,
          25.916901666666664,
          25.951013333333336,
          25.969435,
          25.952076666666667,
          25.970778333333335,
          26.195668333333334,
          26.082638333333335,
          26.00952,
          26.01795,
          25.989128333333333,
          26.183673333333335,
          25.99434,
          25.954266666666665,
          26.027106666666665,
          25.949005,
          25.96219,
          26.059696666666664,
          26.06415,
          26.6987,
          26.853051666666666,
          25.976228333333335,
          25.997416666666666,
          25.955613333333336,
          25.964573333333334,
          25.990948333333336,
          25.994173333333336,
          25.965678333333337,
          25.97159
        ],
        "p50_latency_ns": 25.982678333333332
      },
      {
        "locality_bytes": 65536,
        "locality_kb": 64,
        "loop_latencies_ns": [
          25.574765,
          25.58621,
          25.563253333333336,
          25.581698333333335,
          25.574845,
          25.548866666666665,
          25.599613333333334,
          25.576386666666664,
          25.593533333333333,
          25.605643333333337,
          25.648726666666665,
          25.613186666666664,
          25.556685,
          25.574253333333335,
          25.596316666666667,
          25.612575,
          25.59313,
          25.60593,
          25.604111666666665,
          25.588855,
          25.596261666666663,
          25.572508333333335,
          25.57096,
          25.58013,
          25.581296666666667,
          25.620151666666665,
          25.57161,
          25.615793333333336,
          25.586728333333333,
          25.597283333333333
        ],
        "p50_latency_ns": 25.587791666666668
      },
      {
        "locality_bytes": 131072,
        "locality_kb": 128,
        "loop_latencies_ns": [
          26.342701666666667,
          26.365035,
          26.338625,
          26.350583333333336,
          26.30296,
          26.371313333333333,
          26.358658333333334,
          26.352838333333334,
          26.375231666666664,
          26.350168333333336,
          26.322676666666666,
          26.315046666666664,
          26.295931666666664,
          26.32535,
          26.324848333333335,
          26.2813,
          26.365375,
          26.372445,
          26.371201666666664,
          26.378605,
          27.431338333333336,
          27.387038333333336,
          27.326375,
          27.389996666666665,
          27.370105,
          27.382481666666664,
          26.711006666666666,
          26.343395,
          26.370333333333335,
          26.335845
        ],
        "p50_latency_ns": 26.361846666666665
      },
      {
        "locality_bytes": 262144,
        "locality_kb": 256,
        "loop_latencies_ns": [
          30.480183333333336,
          30.470771666666664,
          30.496423333333336,
          30.522081666666665,
          30.419655,
          30.497271666666666,
          30.46833,
          30.443695,
          30.479938333333337,
          30.560883333333337,
          31.55875,
          30.636416666666666,
          30.495786666666664,
          30.399673333333336,
          30.477161666666664,
          30.467716666666664,
          30.494725,
          30.476491666666664,
          30.489566666666665,
          30.468658333333334,
          30.435718333333334,
          30.440131666666666,
          30.454468333333335,
          30.476255,
          30.484151666666666,
          30.456106666666663,
          30.574386666666665,
          30.48422,
          30.493928333333336,
          30.47065
        ],
        "p50_latency_ns": 30.47855
      },
      {
        "locality_bytes": 524288,
        "locality_kb": 512,
        "loop_latencies_ns": [
          30.493423333333336,
          30.495581666666666,
          30.564198333333334,
          30.588226666666664,
          30.515861666666666,
          30.50863,
          30.393501666666666,
          30.510028333333334,
          30.437131666666666,
          30.558676666666663,
          30.442143333333334,
          30.485626666666665,
          30.497155,
          30.51036,
          30.652441666666665,
          30.460938333333335,
          30.566793333333337,
          30.523936666666664,
          30.484533333333335,
          30.455935,
          30.528858333333336,
          30.528523333333336,
          30.599261666666663,
          30.511041666666664,
          30.47481,
          30.542216666666665,
          30.509176666666665,
          30.469161666666665,
          30.555723333333336,
          30.478781666666666
        ],
        "p50_latency_ns": 30.5096025
      },
      {
        "locality_bytes": 1048576,
        "locality_kb": 1024,
        "loop_latencies_ns": [
          30.115233333333336,
          30.068536666666667,
          30.031051666666666,
          30.080288333333336,
          30.009843333333336,
          30.0748,
          29.984733333333335,
          30.058473333333335,
          30.128568333333334,
          30.142156666666665,
          30.158211666666666,
          30.10948,
          30.048885,
          30.042056666666664,
          30.123898333333337,
          30.025951666666664,
          30.28903,
          30.019685,
          29.883896666666665,
          30.146616666666667,
          30.050703333333335,
          30.086936666666666,
          29.933281666666666,
          30.143308333333334,
          29.921143333333333,
          30.087486666666663,
          29.950838333333333,
          30.194928333333333,
          29.970146666666665,
          30.03816
        ],
        "p50_latency_ns": 30.063505
      },
      {
        "locality_bytes": 2097152,
        "locality_kb": 2048,
        "loop_latencies_ns": [
          30.330721666666665,
          30.22846,
          30.501366666666666,
          30.683083333333336,
          31.085275,
          31.70061,
          31.54887,
          31.635728333333336,
          30.350653333333334,
          30.491975,
          30.437591666666666,
          30.279323333333334,
          30.48373,
          30.473118333333336,
          30.322676666666666,
          30.388253333333335,
          30.550583333333336,
          30.431905,
          30.35009,
          30.503123333333335,
          30.370978333333333,
          30.554923333333335,
          30.436156666666665,
          30.305915,
          30.436015,
          30.293193333333335,
          30.447461666666666,
          30.440578333333335,
          30.610088333333334,
          30.409911666666666
        ],
        "p50_latency_ns": 30.439085
      },
      {
        "locality_bytes": 4194304,
        "locality_kb": 4096,