{
  "configuration": {
    "buffer_size_bytes": 536870912,
    "buffer_size_mb": 512,
    "cpu_name": "Apple M4",
    "efficiency_cores": 6,
    "iterations": 1000,
    "l1_buffer_size_bytes": 98304,
    "l1_cache_size_bytes": 131072,
    "l2_buffer_size_bytes": 1677696,
    "l2_cache_size_bytes": 16777216,
    "latency_sample_count": 1000,
    "loop_count": 5,
    "performance_cores": 4,
    "total_threads": 10,
    "use_custom_cache_size": false,
    "use_non_cacheable": true
  },
  "execution_time_sec": 523.6227890416667,
  "patterns": {
    "random": {
      "bandwidth": {
        "copy_gb_s": {
          "statistics": {
            "average": 5.5654764802650565,
            "max": 5.572941286008594,
            "median": 5.5661612186414215,
            "min": 5.5594257185621085,
            "p90": 5.570550406323981,
            "p95": 5.571745846166287,
            "p99": 5.572702198040132,
            "stddev": 0.00519324242419789
          },
          "values": [
            5.572941286008594,
            5.56696408679706,
            5.561890091316097,
            5.5661612186414215,
            5.5594257185621085
          ]
        },
        "read_gb_s": {
          "statistics": {
            "average": 6.34495458784844,
            "max": 6.349270755251461,
            "median": 6.345252579099378,
            "min": 6.339002525597272,
            "p90": 6.348509399284085,
            "p95": 6.3488900772677725,
            "p99": 6.349194619654724,
            "stddev": 0.003909027818465623
          },
          "values": [
            6.349270755251461,
            6.343879713961072,
            6.345252579099378,
            6.347367365333019,
            6.339002525597272
          ]
        },
        "write_gb_s": {
          "statistics": {
            "average": 21.58513843742501,
            "max": 21.930565374258663,
            "median": 21.519857897205018,
            "min": 21.3387764995721,
            "p90": 21.836349942011427,
            "p95": 21.883457658135047,
            "p99": 21.92114383103394,
            "stddev": 0.2329124570731021
          },
          "values": [
            21.519857897205018,
            21.930565374258663,
            21.695026793640576,
            21.44146562244868,
            21.3387764995721
          ]
        }
      }
    },
    "sequential_forward": {
      "bandwidth": {
        "copy_gb_s": {
          "statistics": {
            "average": 53.287766990528965,
            "max": 53.34591363070594,
            "median": 53.27604784426475,
            "min": 53.26109167889738,
            "p90": 53.322180683321875,
            "p95": 53.334047157013906,
            "p99": 53.343540335967525,
            "stddev": 0.03382329659160796
          },
          "values": [
            53.34591363070594,
            53.26109167889738,
            53.27604784426475,
            53.269200536530974,
            53.28658126224577
          ]
        },
        "read_gb_s": {
          "statistics": {
            "average": 116.21791179493778,
            "max": 116.60509660731155,
            "median": 116.2868410009062,
            "min": 115.69611423223623,
            "p90": 116.55172681239135,
            "p95": 116.57841170985145,
            "p99": 116.59975962781954,
            "stddev": 0.36287159879033426
          },
          "values": [
            116.02983501422388,
            115.69611423223623,
            116.47167212001102,
            116.2868410009062,
            116.60509660731155
          ]
        },
        "write_gb_s": {
          "statistics": {
            "average": 66.3121791324982,
            "max": 66.41224554851205,
            "median": 66.29001213669522,
            "min": 66.27801250083304,
            "p90": 66.3652789702571,
            "p95": 66.38876225938458,
            "p99": 66.40754889068656,
            "stddev": 0.05627853838811878
          },
          "values": [
            66.29001213669522,
            66.285796373576,
            66.27801250083304,
            66.41224554851205,
            66.29482910287467
          ]
        }
      }
    },
    "sequential_reverse": {
      "bandwidth": {
        "copy_gb_s": {
          "statistics": {
            "average": 44.50872036477098,
            "max": 44.87578956609991,
            "median": 44.40358165428535,
            "min": 44.37446896985472,
            "p90": 44.72616880579847,
            "p95": 44.800979185949195,
            "p99": 44.86082749006977,
            "stddev": 0.2112071034930676
          },
          "values": [
            44.87578956609991,
            44.501737665346326,
            44.37446896985472,
            44.40358165428535,
            44.38802396826857
          ]
        },
        "read_gb_s": {
          "statistics": {
            "average": 70.43665811695256,
            "max": 70.88461380720331,
            "median": 70.30602000685026,
            "min": 70.2943694086875,
            "p90": 70.68841789966284,
            "p95": 70.78651585343307,
            "p99": 70.86499421644926,
            "stddev": 0.2536438008449754
          },
          "values": [
            70.88461380720331,
            70.39412403835213,
            70.30602000685026,
            70.30416332366961,
            70.2943694086875
          ]
        },
        "write_gb_s": {
          "statistics": {
            "average": 34.80947344478968,
            "max": 34.979745495369905,
            "median": 34.7304930495587,
            "min": 34.683561859504,
            "p90": 34.970299877959725,
            "p95": 34.975022686664815,
            "p99": 34.97880093362888,
            "stddev": 0.14589834055468126
          },
          "values": [
            34.7304930495587,
            34.683561859504,
            34.979745495369905,
            34.956131451844456,
            34.69743536767135
          ]
        }
      }
    },
    "strided_4096": {
      "bandwidth": {
        "copy_gb_s": {
          "statistics": {
            "average": 12.81263121755238,
            "max": 12.828157508202437,
            "median": 12.810252345818148,
            "min": 12.796338938063222,
            "p90": 12.827431117983693,
            "p95": 12.827794313093067,
            "p99": 12.828084869180563,
            "stddev": 0.014245742106699126
          },
          "values": [
            12.828157508202437,
            12.796338938063222,
            12.80206576302252,
            12.826341532655578,
            12.810252345818148
          ]
        },
        "read_gb_s": {
          "statistics": {
            "average": 9.296605657835629,
            "max": 9.357965314376807,
            "median": 9.311744041062836,
            "min": 9.223047040672526,
            "p90": 9.353078089928625,
            "p95": 9.355521702152716,
            "p99": 9.35747659193199,
            "stddev": 0.060275154698373926
          },
          "values": [
            9.357965314376807,
            9.311744041062836,
            9.34574725325635,
            9.223047040672526,
            9.244524639809628
          ]
        },
        "write_gb_s": {
          "statistics": {
            "average": 24.951859994431334,
            "max": 26.002882800221943,
            "median": 25.069875319682744,
            "min": 23.533378266446817,
            "p90": 25.81940864987243,
            "p95": 25.911145725047188,
            "p99": 25.98453538518699,
            "stddev": 0.9485655986125041
          },
          "values": [
            24.608966161457012,
            25.069875319682744,
            23.533378266446817,
            26.002882800221943,
            25.54419742434816
          ]
        }
      }
    },
    "strided_64": {
      "bandwidth": {
        "copy_gb_s": {
          "statistics": {
            "average": 52.79591706647898,
            "max": 53.11006560633108,
            "median": 52.736018637742596,
            "min": 52.66089664505316,