{
  "configuration": {
    "buffer_size_bytes": 536870912,
    "buffer_size_mb": 512,
    "cpu_name": "Apple M4",
    "efficiency_cores": 6,
    "iterations": 1000,
    "l1_buffer_size_bytes": 98304,
    "l1_cache_size_bytes": 131072,
    "l2_buffer_size_bytes": 1677696,
    "l2_cache_size_bytes": 16777216,
    "latency_sample_count": 1000,
    "loop_count": 15,
    "performance_cores": 4,
    "total_threads": 10,
    "use_custom_cache_size": false,
    "use_non_cacheable": true
  },
  "execution_time_sec": 1569.0866371666668,
  "patterns": {
    "random": {
      "bandwidth": {
        "copy_gb_s": {
          "statistics": {
            "average": 5.559789968292805,
            "max": 5.586729579352216,
            "median": 5.561107934030517,
            "min": 5.537609718308931,
            "p90": 5.573519095105177,
            "p95": 5.577707723743467,
            "p99": 5.584925208230467,
            "stddev": 0.014519958172212345
          },
          "values": [
            5.586729579352216,
            5.573841214196861,
            5.573035916467652,
            5.57063628830419,
            5.567241487008172,
            5.564177373976925,
            5.569800772287689,
            5.561107934030517,
            5.559584122548755,
            5.55583173955233,
            5.5493305827344095,
            5.5487786921349445,
            5.538398539178155,
            5.537609718308931,
            5.540745564310326
          ]
        },
        "read_gb_s": {
          "statistics": {
            "average": 6.341590972945984,
            "max": 6.354714819429951,
            "median": 6.342099956995112,
            "min": 6.327707158524397,
            "p90": 6.35024293256824,
            "p95": 6.35320566080914,
            "p99": 6.354412987705789,
            "stddev": 0.007502845096791291
          },
          "values": [
            6.354714819429951,
            6.3449790908153885,
            6.342099956995112,
            6.3525588785430775,
            6.345474500950326,
            6.343169273509637,
            6.341969342177,
            6.3417300702049335,
            6.346769013605985,
            6.342997228234098,
            6.341772068487373,
            6.331433268560628,
            6.332239966565773,
            6.334249957586093,
            6.327707158524397
          ]
        },
        "write_gb_s": {
          "statistics": {
            "average": 21.46685836742339,
            "max": 21.989462866998196,
            "median": 21.392282739572604,
            "min": 21.048260949103906,
            "p90": 21.81951409869095,
            "p95": 21.893961131653825,
            "p99": 21.97036251992932,
            "stddev": 0.28961841276165523
          },
          "values": [
            21.989462866998196,
            21.756140351920866,
            21.85303181650624,
            21.769237521968012,
            21.602761170420724,
            21.534275037274906,
            21.092416339800586,
            21.370758280139253,
            21.09227036127077,
            21.381649327531818,
            21.544160296856084,
            21.232288870598158,
            21.343879581388716,
            21.392282739572604,
            21.048260949103906
          ]
        }
      }
    },
    "sequential_forward": {
      "bandwidth": {
        "copy_gb_s": {
          "statistics": {
            "average": 53.26518731597322,
            "max": 53.311079052135945,
            "median": 53.278176312965165,
            "min": 53.11688235321956,
            "p90": 53.30152284893372,
            "p95": 53.30552111268782,
            "p99": 53.30996746424632,
            "stddev": 0.05002025860966582
          },
          "values": [
            53.311079052135945,
            53.29909841437636,
            53.28237493076805,
            53.18658548561084,
            53.26921617267702,
            53.25475665932967,
            53.278176312965165,
            53.276325844078954,
            53.11688235321956,
            53.269831715578725,
            53.287266845495715,
            53.273003033045136,
            53.291670336830116,
            53.2784034448486,
            53.30313913863863
          ]
        },
        "read_gb_s": {
          "statistics": {
            "average": 116.32462848728252,
            "max": 116.6377593039621,
            "median": 116.48526051550559,
            "min": 115.15482340263405,
            "p90": 116.6304370073112,
            "p95": 116.63470403477393,
            "p99": 116.63714825012447,
            "stddev": 0.39786169869634835
          },
          "values": [
            116.03464575055332,
            115.91642503358273,
            115.15482340263405,
            116.38733918315518,
            116.10021872420556,
            116.58980175945258,
            116.56145423123336,
            116.6377593039621,
            116.23977345403827,
            116.55807795830883,
            116.48526051550559,
            116.62600056773806,
            116.45019407609692,
            116.6333946336933,
            116.4942587150778
          ]
        },
        "write_gb_s": {
          "statistics": {
            "average": 66.29445017503542,
            "max": 66.41057889972899,
            "median": 66.3055719952772,
            "min": 66.203278320876,
            "p90": 66.34815833826181,
            "p95": 66.37133233620354,
            "p99": 66.4027295870239,
            "stddev": 0.05667348091844293
          },
          "values": [
            66.2165545421973,
            66.28532783699545,
            66.203278320876,
            66.24845187988933,
            66.27117119919068,
            66.33862727504417,
            66.3055719952772,
            66.33588339128607,
            66.33512351838202,
            66.23612508654585,
            66.41057889972899,
            66.307637049126,
            66.31142866181483,
            66.25648058877053,
            66.35451238040692
          ]
        }
      }
    },
    "sequential_reverse": {
      "bandwidth": {
        "copy_gb_s": {
          "statistics": {
            "average": 44.26676793555707,
            "max": 44.90472061603515,
            "median": 44.271540131405324,
            "min": 43.573862586456436,
            "p90": 44.536527302749526,
            "p95": 44.73321432493307,
            "p99": 44.87041935781473,
            "stddev": 0.2830104478407341
          },
          "values": [
            44.90472061603515,
            44.65971162874647,
            44.07836743896044,
            44.351750813754116,
            44.2907572271568,
            44.3081025212362,
            43.573862586456436,
            44.211248905544515,
            44.271540131405324,
            44.23443332349938,
            44.27485265364595,
            44.23481995925567,
            44.27218175601756,
            44.23787379918965,
            44.0972956724525
          ]
        },
        "read_gb_s": {
          "statistics": {
            "average": 70.39682501781571,
            "max": 71.08605745850608,
            "median": 70.30991744243215,
            "min": 70.21211630373338,
            "p90": 70.60466878983257,
            "p95": 70.83132984061677,
            "p99": 71.03511193492822,
            "stddev": 0.2223238206164765
          },
          "values": [
            71.08605745850608,
            70.72216086152136,
            70.42843068229938,
            70.36506491714064,
            70.29522384643828,
            70.36955920653072,
            70.30390055721544,
            70.31490237011157,
            70.21211630373338,
            70.30991744243215,
            70.28507317997354,
            70.30018521143568,
            70.35094171390197,
            70.30282150914533,
            70.30602000685026
          ]
        },
        "write_gb_s": {
          "statistics": {
            "average": 35.200976976599534,
            "max": 37.14749769162653,