{
  "configuration": {
    "mode": "analyze_tlb",
    "cpu_name": "Apple M4",
    "performance_cores": 0,
    "efficiency_cores": 0,
    "page_size_bytes": 16384,
    "l1_cache_size_bytes": 131072,
    "latency_stride_bytes": 64,
    "latency_sample_count": 30,
    "accesses_per_loop": 25000000,
    "tlb_guard_bytes": 1048576,
    "buffer_size_mb": 1024,
    "buffer_locked": true
  },
  "execution_time_sec": 611.035322958,
  "tlb_analysis": {
    "sweep": [
      {
        "locality_bytes": 16384,
        "locality_kb": 16,
        "loop_latencies_ns": [
          15.03977,
          15.059735,
          15.121166666666667,
          15.059076666666668,
          15.062553333333332,
          15.053476666666667,
          15.087901666666667,
          15.045811666666667,
          15.079816666666668,
          15.057906666666668,
          15.128248333333332,
          15.108151666666668,
          15.062201666666667,
          15.093896666666668,
          15.991566666666667,
          15.964495,
          15.993416666666667,
          16.03456333333333,
          16.029795,
          16.031793333333333,
          15.957473333333333,
          15.956885,
          15.983556666666667,
          16.022195,
          16.019851666666668,
          15.959986666666667,
          16.06455,
          15.763723333333333,
          15.037618333333333,
          15.099525
        ],
        "p50_latency_ns": 15.1247075
      },
      {
        "locality_bytes": 65536,
        "locality_kb": 64,
        "loop_latencies_ns": [
          17.45802666666667,
          17.491588333333333,
          17.494798333333332,
          17.494643333333332,
          17.497923333333333,
          17.513843333333334,
          17.519615,
          17.526418333333332,
          17.515778333333333,
          17.497516666666666,
          17.48903333333333,
          17.523611666666667,
          17.531331666666667,
          17.531386666666666,
          17.482278333333333,
          17.50605,
          17.49485,
          17.49785,
          17.47815166666667,
          17.505115,
          17.50049,
          17.48721666666667,
          17.51726,
          17.49890166666667,
          17.539518333333334,
          17.461256666666667,
          17.475458333333332,
          17.49255833333333,
          18.50912,
          18.48049166666667
        ],
        "p50_latency_ns": 17.4984125
      },
      {
        "locality_bytes": 131072,
        "locality_kb": 128,
        "loop_latencies_ns": [
          19.00759,
          19.012608333333333,
          19.019705,
          19.015248333333332,
          19.01132666666667,
          18.978703333333332,
          18.993311666666667,
          19.048746666666666,
          19.008085,
          18.986868333333334,
          19.00269,
          19.033126666666668,
          18.99659,
          19.009898333333332,
          19.034803333333333,
          19.00398,
          19.03685,
          18.97082,
          18.993605,
          18.999655,
          19.010601666666666,
          19.011323333333333,
          18.99079,
          19.001596666666668,
          19.01622,
          19.044173333333333,
          19.00682666666667,
          19.011123333333334,
          19.007565,
          19.010066666666667
        ],
        "p50_latency_ns": 19.008991666666667
      },
      {
        "locality_bytes": 262144,
        "locality_kb": 256,
        "loop_latencies_ns": [
          20.352398333333333,
          20.344925,
          20.352573333333332,
          20.370345,
          20.34929,
          20.38387,
          20.309725,
          20.391895,
          20.36028166666667,
          20.33790833333333,
          20.32238166666667,
          20.355778333333333,
          20.333901666666666,
          20.39275,
          20.351656666666667,
          20.36116833333333,
          20.36093,
          20.36722333333333,
          20.365438333333334,
          20.412261666666666,
          20.377448333333334,
          20.361198333333334,
          20.344661666666667,
          20.404545,
          20.311131666666668,
          20.34851,
          20.34611333333333,
          20.35498666666667,
          20.37995666666667,
          20.327638333333333
        ],
        "p50_latency_ns": 20.3553825
      },
      {
        "locality_bytes": 524288,
        "locality_kb": 512,
        "loop_latencies_ns": [
          18.761773333333334,
          18.79853166666667,
          18.80454166666667,
          18.801326666666668,
          18.79345,
          18.72005,
          18.76957,
          18.827278333333332,
          18.802555,
          18.64796666666667,
          18.80338,
          18.763815,
          18.843735,
          18.734393333333333,
          18.760048333333334,
          18.79696,
          18.778121666666667,
          18.70977166666667,
          18.795826666666667,
          18.72433,
          18.79369666666667,
          18.796318333333332,
          18.63857666666667,
          18.75105,
          18.795491666666667,
          18.773178333333334,
          17.60921666666667,
          17.667031666666666,
          17.68263,
          17.580023333333333
        ],
        "p50_latency_ns": 18.771374166666668
      },
      {
        "locality_bytes": 1048576,
        "locality_kb": 1024,
        "loop_latencies_ns": [
          17.01023,
          17.07231,
          16.91217,
          17.038675,
          17.065195,
          17.030183333333333,
          17.085125,
          16.94953333333333,
          17.06736666666667,
          17.09842833333333,
          17.080705,
          16.998301666666666,
          17.071246666666667,
          17.03875,
          17.021628333333332,
          16.997145,
          17.024066666666666,
          16.870683333333332,
          17.056945,
          17.015053333333334,
          17.096958333333333,
          17.03136166666667,
          16.985415,
          17.11602166666667,
          16.98983833333333,
          16.893236666666667,
          16.959186666666668,
          16.98332333333333,
          16.94567,
          17.069715
        ],
        "p50_latency_ns": 17.027124999999998
      },
      {
        "locality_bytes": 2097152,
        "locality_kb": 2048,
        "loop_latencies_ns": [
          17.18329166666667,
          17.21779666666667,
          17.314466666666668,
          17.22677,
          17.30879,
          17.228961666666667,
          17.34345666666667,
          17.34932,
          17.364976666666667,
          17.293495,
          17.244558333333334,
          17.34222833333333,
          17.26260166666667,
          17.268408333333333,
          17.286366666666666,
          17.26160833333333,
          17.441875,
          17.36086333333333,
          17.223531666666666,
          17.27526333333333,
          17.296655,
          17.29137,
          17.336311666666667,
          17.23177,
          17.26305,
          17.280235,
          17.39001,
          17.294028333333333,
          17.35282833333333,
          17.30467666666667
        ],
        "p50_latency_ns": 17.2924325
      },
      {
        "locality_bytes": 4194304,
        "locality_kb": 4096,