{
  "configuration": {
    "buffer_size_bytes": 536870912,
    "buffer_size_mb": 512,
    "cpu_name": "Apple M4",
    "efficiency_cores": 6,
    "iterations": 1000,
    "l1_buffer_size_bytes": 131072,
    "l1_cache_size_bytes": 131072,
    "l2_buffer_size_bytes": 16777216,
    "l2_cache_size_bytes": 16777216,
    "latency_sample_count": 1000,
    "latency_stride_bytes": 64,
    "latency_tlb_locality_bytes": 16384,
    "latency_tlb_locality_kb": 16,
    "loop_count": 5,
    "macos_version": "26.3.1",
    "mode": "patterns",
    "performance_cores": 4,
    "total_threads": 10,
    "use_custom_cache_size": false,
    "use_latency_tlb_locality": true,
    "use_non_cacheable": false
  },
  "execution_time_sec": 352.940772875,
  "patterns": {
    "random": {
      "bandwidth": {
        "copy_gb_s": {
          "statistics": {
            "average": 32.86705828410748,
            "max": 32.887045139888876,
            "median": 32.87272707349862,
            "min": 32.84704523185683,
            "p90": 32.88335338885726,
            "p95": 32.88519926437307,
            "p99": 32.88667596478572,
            "stddev": 0.017441455699922656
          },
          "values": [
            32.87272707349862,
            32.84704523185683,
            32.85065821298322,
            32.887045139888876,
            32.87781576230983
          ]
        },
        "read_gb_s": {
          "statistics": {
            "average": 26.564158452421538,
            "max": 26.63899541018434,
            "median": 26.578267165502908,
            "min": 26.497175825425842,
            "p90": 26.620920055147955,
            "p95": 26.62995773266615,
            "p99": 26.6371878746807,
            "stddev": 0.058798585795629264
          },
          "values": [
            26.578267165502908,
            26.51254683840123,
            26.497175825425842,
            26.63899541018434,
            26.593807022593378
          ]
        },
        "write_gb_s": {
          "statistics": {
            "average": 44.927334115773796,
            "max": 45.11631991817967,
            "median": 45.04233715772882,
            "min": 44.62319546237881,
            "p90": 45.11522591275522,
            "p95": 45.115772915467446,
            "p99": 45.11621051763722,
            "stddev": 0.22954552091611025
          },
          "values": [
            45.11631991817967,
            44.62319546237881,
            44.741233135963135,
            45.11358490461854,
            45.04233715772882
          ]
        }
      }
    },
    "sequential_forward": {
      "bandwidth": {
        "copy_gb_s": {
          "statistics": {
            "average": 106.31909809711439,
            "max": 106.39665471176714,
            "median": 106.36870122744308,
            "min": 106.10210743446781,
            "p90": 106.39409331632004,
            "p95": 106.39537401404358,
            "p99": 106.39639857222242,
            "stddev": 0.12346261978361275
          },
          "values": [
            106.36870122744308,
            106.33777588874453,
            106.39665471176714,
            106.10210743446781,
            106.39025122314938
          ]
        },
        "read_gb_s": {
          "statistics": {
            "average": 116.16373108385278,
            "max": 116.5119358412487,
            "median": 116.21088418053697,
            "min": 115.62542572309222,
            "p90": 116.43282360611597,
            "p95": 116.47237972368234,
            "p99": 116.50402461773542,
            "stddev": 0.33012344672127836
          },
          "values": [
            115.62542572309222,
            116.3141552534169,
            116.21088418053697,
            116.1562544209691,
            116.5119358412487
          ]
        },
        "write_gb_s": {
          "statistics": {
            "average": 66.0762720199618,
            "max": 66.13605295203253,
            "median": 66.07700853212215,
            "min": 65.99620882314207,
            "p90": 66.12585934284198,
            "p95": 66.13095614743726,
            "p99": 66.13503359111347,
            "stddev": 0.05333453938603596
          },
          "values": [
            66.13605295203253,
            65.99620882314207,
            66.07700853212215,
            66.11056892905614,
            66.06152086345614
          ]
        }
      }
    },
    "sequential_reverse": {
      "bandwidth": {
        "copy_gb_s": {
          "statistics": {
            "average": 105.88873864523521,
            "max": 105.97870689381973,
            "median": 105.92939287296191,
            "min": 105.68181755212915,
            "p90": 105.97213702860873,
            "p95": 105.97542196121422,
            "p99": 105.97804990729863,
            "stddev": 0.12039480878689164
          },
          "values": [
            105.89149367647303,
            105.92939287296191,
            105.97870689381973,
            105.68181755212915,
            105.9622822307922
          ]
        },
        "read_gb_s": {
          "statistics": {
            "average": 115.55402972925806,
            "max": 115.73129132619836,
            "median": 115.60223091305606,
            "min": 115.36990521813324,
            "p90": 115.68396975596292,
            "p95": 115.70763054108063,
            "p99": 115.7265591691748,
            "stddev": 0.14246240403314217
          },
          "values": [
            115.36990521813324,
            115.61298740060977,
            115.45373378829291,
            115.73129132619836,
            115.60223091305606
          ]
        },
        "write_gb_s": {
          "statistics": {
            "average": 66.53087148772784,
            "max": 66.76147760559985,
            "median": 66.5213721863646,
            "min": 66.36653836803701,
            "p90": 66.68596585820598,
            "p95": 66.72372173190291,
            "p99": 66.75392643086046,
            "stddev": 0.15144827294319127
          },
          "values": [
            66.5213721863646,
            66.36653836803701,
            66.43227104152255,
            66.76147760559985,
            66.57269823711518
          ]
        }
      }
    },
    "strided_16384": {
      "bandwidth": {
        "copy_gb_s": {
          "statistics": {
            "average": 35.786942244050636,
            "max": 37.11472373185066,
            "median": 35.68241211730218,
            "min": 34.40762644371601,
            "p90": 36.880524660245996,
            "p95": 36.99762419604833,
            "p99": 37.09130382469019,
            "stddev": 1.069004292059648
          },
          "values": [
            36.52922605283899,
            34.40762644371601,
            35.20072287454532,
            37.11472373185066,
            35.68241211730218
          ]
        },
        "read_gb_s": {
          "statistics": {
            "average": 25.812568353633715,
            "max": 26.31263383297645,
            "median": 25.746010343081338,
            "min": 25.39773067882838,
            "p90": 26.242986947362123,
            "p95": 26.27781039016929,
            "p99": 26.305669144415017,
            "stddev": 0.4036055089080175
          },
          "values": [
            25.39773067882838,
            26.31263383297645,
            25.467950294341776,
            25.746010343081338,
            26.13851661894064
          ]
        },
        "write_gb_s": {
          "statistics": {
            "average": 51.738642332802634,
            "max": 53.26551242433222,
            "median": 52.22945757027346,
            "min": 48.266239096579184,
            "p90": 53.10124024200448,
            "p95": 53.183376333168354,
            "p99": 53.249085206099444,
            "stddev": 1.999393458161536
          },
          "values": [
            52.22945757027346,
            52.07717060431544,
            53.26551242433222,
            52.85483196851286,
            48.266239096579184
          ]
        }
      }
    },