{
  "configuration": {
    "buffer_size_bytes": 536870912,
    "buffer_size_mb": 512,
    "cpu_name": "Apple M4",
    "efficiency_cores": 6,
    "iterations": 1000,
    "l1_buffer_size_bytes": 130968,
    "l1_cache_size_bytes": 131072,
    "l2_buffer_size_bytes": 16777096,
    "l2_cache_size_bytes": 16777216,
    "latency_sample_count": 1000,
    "latency_tlb_locality_bytes": 16384,
    "latency_tlb_locality_kb": 16,
    "loop_count": 10,
    "macos_version": "26.3.1",
    "performance_cores": 4,
    "total_threads": 10,
    "use_custom_cache_size": false,
    "use_latency_tlb_locality": true,
    "use_non_cacheable": false
  },
  "execution_time_sec": 705.6504827916666,
  "patterns": {
    "random": {
      "bandwidth": {
        "copy_gb_s": {
          "statistics": {
            "average": 32.78726325580285,
            "max": 32.834540465856286,
            "median": 32.80350549417936,
            "min": 32.72040028126763,
            "p90": 32.826705000538354,
            "p95": 32.83062273319732,
            "p99": 32.83375691932449,
            "stddev": 0.037848617295765274
          },
          "values": [
            32.80682158050665,
            32.72040028126763,
            32.80449049052068,
            32.82583439328081,
            32.74889700073192,
            32.80599196317271,
            32.77950971627563,
            32.802520497838046,
            32.834540465856286,
            32.74362616857813
          ]
        },
        "read_gb_s": {
          "statistics": {
            "average": 26.77876150528679,
            "max": 26.915932500729145,
            "median": 26.764380513514595,
            "min": 26.648400483543554,
            "p90": 26.87665600667181,
            "p95": 26.896294253700475,
            "p99": 26.912004851323413,
            "stddev": 0.08471230074195173
          },
          "values": [
            26.817914115211018,
            26.712957067651917,
            26.648400483543554,
            26.87229195177655,
            26.85679975353291,
            26.76847797013516,
            26.760283056894036,
            26.915932500729145,
            26.723077412892945,
            26.711480740500676
          ]
        },
        "write_gb_s": {
          "statistics": {
            "average": 45.519390882615816,
            "max": 45.729095953040506,
            "median": 45.60831377250901,
            "min": 44.89165679206091,
            "p90": 45.67830210898444,
            "p95": 45.703699031012476,
            "p99": 45.7240165686349,
            "stddev": 0.2400748788783802
          },
          "values": [
            45.62060597233134,
            44.89165679206091,
            45.729095953040506,
            45.645057377263534,
            45.54690085364856,
            45.61462590215841,
            45.672658348533766,
            45.41992673907754,
            45.60200164285961,
            45.45137924518398
          ]
        }
      }
    },
    "sequential_forward": {
      "bandwidth": {
        "copy_gb_s": {
          "statistics": {
            "average": 106.30148960962758,
            "max": 106.362057019709,
            "median": 106.31223546919237,
            "min": 106.15273681840517,
            "p90": 106.34901977067399,
            "p95": 106.35553839519149,
            "p99": 106.3607532948055,
            "stddev": 0.058807666079004214
          },
          "values": [
            106.2977704291557,
            106.15273681840517,
            106.319408370441,
            106.31322119264466,
            106.31124974574008,
            106.33651743272972,
            106.30956036821357,
            106.34757118744788,
            106.362057019709,
            106.26480353178897
          ]
        },
        "read_gb_s": {
          "statistics": {
            "average": 116.16465089177571,
            "max": 116.37986485652222,
            "median": 116.24950932718275,
            "min": 115.40344229280593,
            "p90": 116.35597386510845,
            "p95": 116.36791936081534,
            "p99": 116.37747575738084,
            "stddev": 0.2927232045263395
          },
          "values": [
            115.40344229280593,
            115.9594103154947,
            116.1820585006231,
            116.26287759228602,
            116.37986485652222,
            116.34070393948426,
            116.23614106207948,
            116.35331931050692,
            116.29410920227265,
            116.23458184568173
          ]
        },
        "write_gb_s": {
          "statistics": {
            "average": 66.21459603601447,
            "max": 66.44097029863363,
            "median": 66.24486236037824,
            "min": 65.65755202964938,
            "p90": 66.32134596724747,
            "p95": 66.38115813294054,
            "p99": 66.42900786549501,
            "stddev": 0.20640450063169777
          },
          "values": [
            66.2251116156045,
            65.65755202964938,
            66.44097029863363,
            66.23775268507069,
            66.30805437487122,
            66.27107303343361,
            66.2368353634294,
            66.21591616011405,
            66.25197203568578,
            66.30072276365252
          ]
        }
      }
    },
    "sequential_reverse": {
      "bandwidth": {
        "copy_gb_s": {
          "statistics": {
            "average": 105.70299630630514,
            "max": 105.91040179745087,
            "median": 105.78654473461599,
            "min": 105.26837195647191,
            "p90": 105.89252726243888,
            "p95": 105.90146452994487,
            "p99": 105.90861434394968,
            "stddev": 0.2170381023799663
          },
          "values": [
            105.91040179745087,
            105.81228505586772,
            105.64856409491573,
            105.5817396822194,
            105.85675145001234,
            105.76080441336426,
            105.86785790509215,
            105.89054120299309,
            105.26837195647191,
            105.4326455046639
          ]
        },
        "read_gb_s": {
          "statistics": {
            "average": 115.58790505413569,
            "max": 115.81209635952577,
            "median": 115.55979612828868,
            "min": 115.39463041276807,
            "p90": 115.79902428214457,
            "p95": 115.80556032083517,
            "p99": 115.81078915178765,
            "stddev": 0.14937609078591804
          },
          "values": [
            115.6327764744873,
            115.57124226191496,
            115.50017818626499,
            115.39463041276807,
            115.45099136644012,
            115.81209635952577,
            115.79757182910221,
            115.44608202223007,
            115.5483499946624,
            115.72513163396114
          ]
        },
        "write_gb_s": {
          "statistics": {
            "average": 66.6805400732948,
            "max": 66.91240430194003,
            "median": 66.69365236917075,
            "min": 66.48702882629134,
            "p90": 66.85366521647374,
            "p95": 66.88303475920688,
            "p99": 66.9065303933934,
            "stddev": 0.14539059623997513
          },
          "values": [
            66.49798339265632,
            66.63544794827634,
            66.48702882629134,
            66.84713865142193,
            66.7083273982661,
            66.52640934754334,
            66.76090788666004,
            66.91240430194003,
            66.67897734007539,
            66.75077563981702
          ]
        }
      }
    },
    "strided_16384": {
      "bandwidth": {
        "copy_gb_s": {
          "statistics": {
            "average": 33.20027113108125,
            "max": 35.209045903173745,
            "median": 33.34428223904581,
            "min": 31.97903799173388,
            "p90": 34.00571901031932,
            "p95": 34.60738245674653,
            "p99": 35.088713213888305,
            "stddev": 1.0263039912202605
          },