{
  "configuration": {
    "mode": "analyze_tlb",
    "cpu_name": "Apple M4",
    "page_size_bytes": 16384,
    "l1_cache_size_bytes": 131072,
    "latency_stride_bytes": 128,
    "latency_sample_count": 30,
    "accesses_per_loop": 25000000,
    "tlb_guard_bytes": 1048576,
    "buffer_size_mb": 1024,
    "buffer_locked": true
  },
  "execution_time_sec": 723.429008292,
  "tlb_analysis": {
    "sweep": [
      {
        "locality_bytes": 16384,
        "locality_kb": 16,
        "loop_latencies_ns": [
          25.296348333333334,
          25.280998333333336,
          25.333038333333334,
          25.312856666666665,
          25.292446666666667,
          25.331123333333334,
          25.318031666666666,
          25.305758333333333,
          25.298593333333336,
          25.331085,
          25.347321666666666,
          25.31037,
          25.335398333333334,
          25.31607,
          25.322263333333336,
          25.320165,
          25.313946666666666,
          25.325215,
          25.354856666666667,
          25.322135,
          25.340861666666665,
          25.346083333333336,
          25.306568333333335,
          25.32453,
          25.339486666666666,
          25.348341666666666,
          25.340551666666666,
          25.334393333333335,
          25.293046666666665,
          25.317996666666666
        ],
        "p50_latency_ns": 25.322199166666667
      },
      {
        "locality_bytes": 65536,
        "locality_kb": 64,
        "loop_latencies_ns": [
          23.98511,
          24.004683333333336,
          23.987153333333335,
          24.010415,
          23.96195,
          23.971661666666666,
          23.984513333333336,
          24.897343333333335,
          24.909456666666664,
          24.90103,
          24.8785,
          24.940995,
          24.900586666666666,
          24.8994,
          24.938988333333334,
          24.906773333333334,
          24.929286666666666,
          24.93539,
          24.930453333333336,
          24.92841,
          24.907928333333334,
          24.938593333333333,
          24.917558333333336,
          24.938205,
          24.941913333333336,
          24.940381666666664,
          24.949451666666665,
          24.92209,
          24.918358333333334,
          24.932046666666665
        ],
        "p50_latency_ns": 24.9135075
      },
      {
        "locality_bytes": 131072,
        "locality_kb": 128,
        "loop_latencies_ns": [
          25.815851666666664,
          25.792663333333333,
          25.801211666666664,
          25.789431666666665,
          25.866185,
          25.802781666666665,
          25.797856666666664,
          25.870865,
          25.842375,
          25.765546666666665,
          25.997523333333334,
          25.86353,
          26.007391666666663,
          25.863941666666665,
          25.89714,
          25.942573333333335,
          25.941798333333335,
          25.896383333333336,
          25.838573333333336,
          25.960625,
          25.852366666666665,
          25.876716666666667,
          25.833843333333334,
          25.866293333333335,
          25.85689,
          25.90644,
          25.848041666666663,
          25.852833333333336,
          25.889181666666666,
          25.877078333333333
        ],
        "p50_latency_ns": 25.863735833333333
      },
      {
        "locality_bytes": 262144,
        "locality_kb": 256,
        "loop_latencies_ns": [
          30.713013333333336,
          30.687165,
          30.75784,
          30.735358333333334,
          30.733011666666666,
          30.721328333333336,
          30.730398333333333,
          30.661351666666665,
          30.743766666666666,
          30.723136666666665,
          30.695133333333334,
          30.720441666666666,
          29.79067,
          29.596766666666664,
          29.659343333333336,
          29.616653333333335,
          29.611448333333335,
          29.607626666666665,
          29.678711666666665,
          30.285338333333335,
          30.720901666666666,
          30.776831666666666,
          30.718375,
          30.753996666666666,
          30.754416666666664,
          30.699451666666665,
          30.719,
          30.733701666666665,
          30.77486,
          30.730018333333334
        ],
        "p50_latency_ns": 30.719720833333334
      },
      {
        "locality_bytes": 524288,
        "locality_kb": 512,
        "loop_latencies_ns": [
          30.612755,
          30.69127,
          30.659545,
          30.71756,
          30.691921666666666,
          30.773076666666665,
          30.698165,
          30.669471666666666,
          30.645713333333337,
          30.66244,
          30.771926666666666,
          30.761246666666665,
          30.72353,
          30.62417,
          30.749591666666664,
          30.805806666666665,
          30.735101666666665,
          30.79201,
          30.650508333333335,
          30.730076666666665,
          30.773726666666665,
          30.818918333333336,
          30.774231666666665,
          30.639966666666666,
          30.84283,
          30.71502,
          30.637226666666667,
          30.762991666666665,
          30.645216666666666,
          30.659513333333337
        ],
        "p50_latency_ns": 30.71629
      },
      {
        "locality_bytes": 1048576,
        "locality_kb": 1024,
        "loop_latencies_ns": [
          29.87372,
          29.910596666666667,
          29.961325,
          30.672076666666666,
          28.72318,
          28.703625,
          28.691788333333335,
          28.742011666666667,
          28.902068333333336,
          28.675453333333333,
          28.761246666666665,
          28.694821666666666,
          28.645411666666664,
          28.774563333333337,
          28.768886666666663,
          28.783846666666665,
          28.787075,
          28.693138333333334,
          28.745485,
          29.808191666666666,
          29.573571666666666,
          29.974131666666665,
          29.893995,
          29.687753333333333,
          29.718041666666664,
          29.814785,
          30.10392,
          29.887111666666666,
          29.93569,
          29.971681666666665
        ],
        "p50_latency_ns": 29.23782
      },
      {
        "locality_bytes": 2097152,
        "locality_kb": 2048,
        "loop_latencies_ns": [
          30.28313,
          30.376125,
          30.600028333333334,
          30.31987,
          30.406561666666665,
          30.388693333333336,
          30.467546666666664,
          30.464536666666664,
          30.500748333333334,
          30.379086666666666,
          30.38065,
          30.50819,
          30.464851666666664,
          30.476595,
          30.366143333333333,
          29.312118333333334,
          29.448211666666666,
          29.320258333333335,
          29.389353333333336,
          29.391176666666667,
          29.321736666666666,
          29.295098333333335,
          29.303426666666667,
          29.342028333333335,
          29.359243333333335,
          29.316116666666666,
          29.284515,
          29.38356,
          29.32323,
          29.23058
        ],
        "p50_latency_ns": 29.865670833333333
      },
      {
        "locality_bytes": 4194304,
        "locality_kb": 4096,